generation	repeats	mean	best	mutation rate
0	402	11,081	22,283	0,10000
1	404	10,931	21,761	0,10000
2	402	10,871	23,459	0,10000
3	404	10,796	23,491	0,10000
4	404	10,691	26,429	0,10000
5	400	10,596	23,267	0,10000
6	401	10,498	23,542	0,10000
7	400	10,486	23,757	0,10000
8	402	10,357	26,337	0,10000
9	404	10,301	27,157	0,10000
10	401	10,125	22,721	0,10000
11	402	9,986	23,463	0,10000
12	400	9,867	23,678	0,10000
13	403	9,841	23,797	0,10000
14	403	9,738	25,269	0,10000
15	402	9,708	26,269	0,10000
16	402	9,641	25,653	0,10000
17	405	9,561	25,801	0,10000
18	400	9,454	22,223	0,10000
19	402	9,341	20,941	0,10000
20	400	9,318	19,527	0,10000
21	403	9,268	21,203	0,10000
22	401	9,266	21,384	0,10000
23	403	9,257	21,078	0,10000
24	402	9,148	23,188	0,10000
25	403	9,118	20,332	0,10000
26	401	9,022	20,332	0,10000
27	401	8,988	22,569	0,10000
28	402	8,964	20,420	0,10000
29	402	8,960	20,667	0,10000
30	402	8,937	18,935	0,10000
31	401	8,868	17,480	0,10000
32	400	8,830	21,301	0,10000
33	401	8,763	24,402	0,10000
34	401	8,702	22,230	0,10000
35	400	8,596	22,729	0,10000
36	401	8,600	30,361	0,10000
37	404	8,599	27,083	0,10000
38	401	8,608	21,567	0,10000
39	402	8,562	20,112	0,10000
40	403	8,483	18,868	0,10000
41	401	8,485	18,701	0,10000
42	402	8,444	19,836	0,10000
43	403	8,448	21,769	0,10000
44	401	8,441	18,471	0,10000
45	402	8,427	22,168	0,10000
46	401	8,412	20,699	0,10000
47	403	8,389	21,448	0,10000
48	400	8,354	18,427	0,10000
49	402	8,294	20,497	0,10000
50	405	8,302	21,514	0,10000
51	401	8,314	20,085	0,10000
52	403	8,329	19,232	0,10000
53	400	8,252	19,557	0,10000
54	402	8,238	19,125	0,10000
55	400	8,218	19,241	0,10000
56	400	8,177	19,800	0,10000
57	402	8,127	19,943	0,10000
58	402	8,127	20,009	0,10000
59	403	8,133	19,973	0,10000
60	402	8,091	17,216	0,10000
61	401	8,058	18,394	0,10000
62	401	8,007	18,556	0,10000
63	402	8,028	19,517	0,10000
64	402	8,056	18,556	0,10000
65	401	8,045	19,197	0,10000
66	401	8,051	22,493	0,10000
67	401	8,062	17,960	0,10000
68	400	8,044	18,990	0,10000
69	401	8,011	19,136	0,10000
70	404	8,038	17,788	0,10000
71	404	8,028	17,957	0,10000
72	402	7,980	18,000	0,10000
73	401	7,972	17,898	0,10000
74	402	7,969	19,036	0,10000
75	401	7,989	17,935	0,10000
76	401	8,016	19,224	0,10000
77	401	7,985	16,870	0,10000
78	404	7,943	16,831	0,10000
79	402	7,945	17,655	0,10000
80	404	7,912	18,250	0,10000
81	401	7,903	19,361	0,10000
82	400	7,888	19,079	0,10000
83	401	7,897	20,879	0,10000
84	402	7,892	20,629	0,10000
85	401	7,825	19,568	0,10000
86	400	7,810	18,421	0,10000
87	402	7,842	19,006	0,10000
88	403	7,882	20,028	0,10000
89	402	7,893	19,812	0,10000
90	400	7,855	19,057	0,10000
91	400	7,848	19,603	0,10000
92	402	7,835	18,360	0,10000
93	400	7,822	21,414	0,10000
94	402	7,831	19,286	0,10000
95	400	7,786	20,206	0,10000
96	401	7,803	17,827	0,10000
97	401	7,780	17,042	0,10000
98	401	7,718	17,329	0,10000
99	401	7,744	19,310	0,10000
100	401	7,770	18,720	0,10000
101	402	7,759	17,681	0,10000
102	400	7,746	20,623	0,10000
103	400	7,783	20,511	0,10000
104	403	7,781	19,478	0,10000
105	405	7,734	18,107	0,10000
106	403	7,723	18,691	0,10000
107	402	7,714	17,591	0,10000
108	402	7,733	19,220	0,10000
109	401	7,695	18,862	0,10000
110	403	7,648	17,927	0,10000
111	401	7,643	18,389	0,10000
112	401	7,636	17,720	0,10000
113	401	7,620	19,696	0,10000
114	401	7,607	19,151	0,10000
115	404	7,602	18,653	0,10000
116	402	7,634	18,872	0,10000
117	401	7,632	18,922	0,10000
118	401	7,600	17,238	0,10000
119	403	7,616	18,708	0,10000
120	402	7,599	18,395	0,10000
121	400	7,567	17,544	0,10000
122	400	7,554	20,172	0,10000
123	403	7,505	17,806	0,10000
124	400	7,494	17,132	0,10000
125	403	7,482	17,567	0,10000
126	402	7,504	16,633	0,10000
127	400	7,518	16,282	0,10000
128	400	7,510	18,043	0,10000
129	400	7,521	19,858	0,10000
130	400	7,539	19,097	0,10000
131	402	7,527	17,394	0,10000
132	401	7,532	18,895	0,10000
133	400	7,534	18,192	0,10000
134	401	7,536	20,030	0,10000
135	403	7,519	19,528	0,10000
136	401	7,499	18,762	0,10000
137	401	7,512	18,544	0,10000
138	401	7,470	19,706	0,10000
139	402	7,440	19,172	0,10000
140	400	7,471	18,138	0,10000
141	402	7,456	17,430	0,10000
142	402	7,437	17,248	0,10000
143	401	7,435	21,276	0,10000
144	402	7,394	18,619	0,10000
145	401	7,413	20,840	0,10000
146	405	7,452	20,271	0,10000
147	401	7,452	22,589	0,10000
148	402	7,473	21,928	0,10000
149	401	7,489	21,934	0,10000
150	402	7,457	21,782	0,10000
151	402	7,457	21,475	0,10000
152	402	7,451	18,848	0,10000
153	400	7,450	18,014	0,10000
154	401	7,442	21,073	0,10000
155	400	7,435	21,106	0,10000
156	401	7,445	18,791	0,10000
157	401	7,435	18,363	0,10000
158	402	7,474	18,041	0,10000
159	403	7,453	20,607	0,10000
160	401	7,426	19,891	0,10000
161	401	7,402	17,981	0,10000
162	401	7,379	19,832	0,10000
163	402	7,407	21,853	0,10000
164	405	7,373	19,736	0,10000
165	401	7,373	21,248	0,10000
166	400	7,354	21,291	0,10000
167	403	7,313	16,382	0,10000
168	404	7,329	17,300	0,10000
169	406	7,334	17,912	0,10000
170	400	7,280	18,059	0,10000
171	400	7,283	21,052	0,10000
172	401	7,272	19,368	0,10000
173	401	7,290	20,347	0,10000
174	403	7,299	19,772	0,10000
175	401	7,289	18,584	0,10000
176	400	7,316	19,293	0,10000
177	403	7,286	20,044	0,10000
178	403	7,369	20,680	0,10000
179	404	7,374	20,972	0,10000
180	402	7,378	20,972	0,10000
181	403	7,351	19,134	0,10000
182	400	7,312	18,435	0,10000
183	402	7,287	18,636	0,10000
184	403	7,293	18,821	0,10000
185	402	7,282	19,527	0,10000
186	402	7,244	18,766	0,10000
187	404	7,223	19,401	0,10000
188	400	7,213	19,329	0,10000
189	401	7,226	18,541	0,10000
190	403	7,163	18,311	0,10000
191	400	7,160	16,716	0,10000
192	402	7,169	17,755	0,10000
193	401	7,225	20,618	0,10000
194	403	7,245	21,268	0,10000
195	401	7,195	20,786	0,10000
196	402	7,215	22,052	0,10000
197	400	7,241	17,484	0,10000
198	402	7,254	18,606	0,10000
199	402	7,270	17,631	0,10000
200	404	7,232	19,480	0,10000
201	400	7,231	17,505	0,10000
202	403	7,241	17,878	0,10000
203	403	7,226	16,842	0,10000
204	403	7,182	18,031	0,10000
205	405	7,155	19,135	0,10000
206	402	7,187	18,300	0,10000
207	400	7,171	18,548	0,10000
208	400	7,216	19,965	0,10000
209	403	7,234	20,147	0,10000
210	402	7,179	18,218	0,10000
211	402	7,148	18,666	0,10000
212	401	7,170	19,427	0,10000
213	401	7,201	17,963	0,10000
214	402	7,177	17,529	0,10000
215	401	7,160	18,588	0,10000
216	403	7,150	17,902	0,10000
217	403	7,126	17,908	0,10000
218	400	7,159	18,557	0,10000
219	402	7,139	16,951	0,10000
220	401	7,059	17,437	0,10000
221	403	7,093	18,165	0,10000
222	408	7,127	19,004	0,10000
223	400	7,153	18,768	0,10000
224	403	7,144	17,927	0,10000
225	402	7,160	17,470	0,10000
226	406	7,174	17,958	0,10000
227	401	7,147	19,031	0,10000
228	401	7,133	18,516	0,10000
229	401	7,074	18,387	0,10000
230	400	7,092	17,418	0,10000
231	402	7,084	15,858	0,10000
232	400	7,083	18,383	0,10000
233	401	7,107	19,298	0,10000
234	400	7,128	20,260	0,10000
235	403	7,132	22,222	0,10000
236	401	7,103	19,611	0,10000
237	400	7,126	20,701	0,10000
238	401	7,098	19,388	0,10000
239	400	7,119	17,864	0,10000
240	400	7,110	18,116	0,10000
241	400	7,096	19,664	0,10000
242	400	7,107	18,905	0,10000
243	401	7,118	21,692	0,10000
244	402	7,104	19,719	0,10000
245	401	7,056	17,600	0,10000
246	403	7,034	19,163	0,10000
247	402	6,997	18,502	0,10000
248	404	7,027	20,949	0,10000
249	402	7,055	20,751	0,10000
250	401	7,078	18,958	0,10000
251	401	7,071	18,456	0,10000
252	401	7,056	18,024	0,10000
253	400	7,051	18,807	0,10000
254	403	7,068	18,452	0,10000
255	403	7,053	17,810	0,10000
256	401	7,066	19,651	0,10000
257	401	7,042	19,972	0,10000
258	403	7,066	19,581	0,10000
259	401	7,024	19,724	0,10000
260	403	7,038	20,372	0,10000
261	401	7,004	17,982	0,10000
262	402	7,034	16,994	0,10000
263	401	7,066	17,300	0,10000
264	402	7,083	17,280	0,10000
265	402	7,065	20,178	0,10000
266	402	7,049	19,617	0,10000
267	402	7,034	17,960	0,10000
268	401	7,035	18,644	0,10000
269	400	7,079	18,133	0,10000
270	403	7,083	20,532	0,10000
271	402	7,076	20,191	0,10000
272	403	7,021	17,927	0,10000
273	404	7,055	19,218	0,10000
274	401	7,052	18,759	0,10000
275	403	7,049	19,617	0,10000
276	401	7,062	19,582	0,10000
277	404	7,035	18,065	0,10000
278	401	7,052	18,531	0,10000
279	400	7,042	19,735	0,10000
280	403	7,055	18,842	0,10000
281	401	7,036	20,644	0,10000
282	402	7,002	18,458	0,10000
283	402	7,018	20,284	0,10000
284	401	7,052	19,585	0,10000
285	402	7,009	22,084	0,10000
286	407	7,047	19,082	0,10000
287	401	7,005	19,773	0,10000
288	400	6,953	20,674	0,10000
289	403	7,004	20,189	0,10000
290	400	6,996	21,265	0,10000
291	402	7,029	22,636	0,10000
292	406	7,069	25,151	0,10000
293	400	7,091	24,437	0,10000
294	401	7,104	23,106	0,10000
295	401	7,060	19,807	0,10000
296	401	7,059	20,398	0,10000
297	401	7,028	19,701	0,10000
298	401	6,968	19,132	0,10000
299	400	6,980	18,117	0,10000
300	400	7,024	19,369	0,10000
301	401	6,981	20,738	0,10000
302	400	6,966	19,541	0,10000
303	401	6,983	18,195	0,10000
304	401	6,996	19,615	0,10000
305	402	6,968	17,632	0,10000
306	401	6,996	18,901	0,10000
307	403	6,979	19,287	0,10000
308	403	6,974	20,178	0,10000
309	400	6,933	20,923	0,10000
310	403	6,927	18,626	0,10000
311	402	6,948	19,827	0,10000
312	400	6,929	19,943	0,10000
313	401	6,928	19,188	0,10000
314	400	6,923	21,553	0,10000
315	403	6,950	16,368	0,10000
316	401	6,905	21,154	0,10000
317	401	6,942	18,949	0,10000
318	401	6,906	16,899	0,10000
319	403	6,922	17,469	0,10000
320	402	6,931	17,469	0,10000
321	401	6,917	18,486	0,10000
322	402	6,934	16,805	0,10000
323	400	6,917	19,736	0,10000
324	401	6,898	18,427	0,10000
325	401	6,904	19,375	0,10000
326	405	6,906	17,978	0,10000
327	400	6,931	17,634	0,10000
328	402	6,907	17,589	0,10000
329	402	6,895	23,319	0,10000
330	403	6,927	20,492	0,10000
331	400	6,937	19,346	0,10000
332	401	6,913	18,836	0,10000
333	403	6,951	20,116	0,10000
334	401	6,927	19,606	0,10000
335	401	6,953	19,008	0,10000
336	403	6,930	17,567	0,10000
337	400	6,884	19,446	0,10000
338	401	6,896	17,984	0,10000
339	402	6,942	18,489	0,10000
340	403	6,888	16,645	0,10000
341	402	6,920	16,554	0,10000
342	400	6,929	20,089	0,10000
343	403	6,962	21,483	0,10000
344	401	6,964	23,153	0,10000
345	400	6,953	18,984	0,10000
346	403	6,902	20,781	0,10000
347	403	6,806	17,495	0,10000
348	403	6,874	21,460	0,10000
349	402	6,898	19,290	0,10000
350	401	6,919	20,882	0,10000
351	402	6,919	18,264	0,10000
352	403	6,916	17,130	0,10000
353	402	6,972	18,947	0,10000
354	402	6,955	17,762	0,10000
355	403	6,987	18,263	0,10000
356	400	6,950	18,804	0,10000
357	401	6,904	17,611	0,10000
358	401	6,907	17,849	0,10000
359	401	6,888	18,089	0,10000
360	402	6,887	17,923	0,10000
361	400	6,883	18,475	0,10000
362	403	6,899	18,054	0,10000
363	402	6,864	17,586	0,10000
364	402	6,912	18,892	0,10000
365	401	6,895	19,901	0,10000
366	401	6,904	17,629	0,10000
367	400	6,921	19,289	0,10000
368	402	6,900	18,741	0,10000
369	401	6,895	19,834	0,10000
370	402	6,939	18,863	0,10000
371	404	6,915	18,287	0,10000
372	401	6,902	19,407	0,10000
373	402	6,873	18,305	0,10000
374	402	6,881	19,941	0,10000
375	407	6,855	17,427	0,10000
376	400	6,849	18,119	0,10000
377	404	6,871	17,812	0,10000
378	401	6,844	18,115	0,10000
379	401	6,842	17,858	0,10000
380	400	6,825	18,394	0,10000
381	403	6,824	18,108	0,10000
382	402	6,819	17,446	0,10000
383	405	6,823	16,749	0,10000
384	400	6,853	19,350	0,10000
385	400	6,851	18,578	0,10000
386	400	6,852	17,200	0,10000
387	403	6,869	18,380	0,10000
388	402	6,908	17,950	0,10000
389	403	6,900	18,094	0,10000
390	402	6,917	19,411	0,10000
391	401	6,918	18,436	0,10000
392	401	6,918	20,835	0,10000
393	401	6,927	19,912	0,10000
394	402	6,920	20,274	0,10000
395	403	6,955	21,413	0,10000
396	403	6,936	19,326	0,10000
397	400	6,923	19,327	0,10000
398	400	6,940	19,943	0,10000
399	403	6,937	19,217	0,10000
400	405	6,926	18,323	0,10000
401	401	6,868	18,252	0,10000
402	401	6,866	18,936	0,10000
403	403	6,886	19,593	0,10000
404	402	6,901	19,371	0,10000
405	402	6,847	19,990	0,10000
406	404	6,859	17,597	0,10000
407	402	6,857	18,102	0,10000
408	405	6,843	18,493	0,10000
409	403	6,847	18,937	0,10000
410	400	6,862	19,936	0,10000
411	401	6,822	19,650	0,10000
412	404	6,830	17,445	0,10000
413	401	6,829	18,026	0,10000
414	401	6,827	21,954	0,10000
415	401	6,844	23,712	0,10000
416	401	6,894	23,441	0,10000
417	400	6,910	20,309	0,10000
418	401	6,935	21,213	0,10000
419	401	6,950	18,077	0,10000
420	402	6,902	18,896	0,10000
421	405	6,920	18,692	0,10000
422	401	6,927	19,014	0,10000
423	402	6,908	20,266	0,10000
424	401	6,898	19,938	0,10000
425	401	6,854	18,907	0,10000
426	404	6,850	19,012	0,10000
427	402	6,893	18,734	0,10000
428	400	6,861	17,771	0,10000
429	400	6,855	19,308	0,10000
430	403	6,882	18,100	0,10000
431	404	6,903	19,132	0,10000
432	400	6,885	18,697	0,10000
433	402	6,864	17,284	0,10000
434	402	6,844	20,646	0,10000
435	405	6,888	18,982	0,10000
436	402	6,905	19,971	0,10000
437	401	6,897	19,947	0,10000
438	402	6,855	21,103	0,10000
439	401	6,830	20,917	0,10000
440	401	6,819	17,265	0,10000
441	401	6,869	19,694	0,10000
442	405	6,887	20,136	0,10000
443	401	6,895	18,655	0,10000
444	402	6,905	19,091	0,10000
445	400	6,851	19,188	0,10000
446	403	6,792	21,396	0,10000
447	401	6,782	21,111	0,10000
448	402	6,763	21,529	0,10000
449	401	6,731	20,767	0,10000
450	400	6,720	19,508	0,10000
451	402	6,704	17,603	0,10000
452	403	6,716	21,053	0,10000
453	403	6,763	18,051	0,10000
454	401	6,773	18,549	0,10000
455	401	6,770	18,130	0,10000
456	401	6,789	18,605	0,10000
457	401	6,785	19,017	0,10000
458	402	6,737	17,776	0,10000
459	404	6,759	18,747	0,10000
460	403	6,709	17,169	0,10000
461	402	6,711	17,336	0,10000
462	404	6,724	17,962	0,10000
463	406	6,761	18,355	0,10000
464	400	6,773	19,330	0,10000
465	402	6,796	17,221	0,10000
466	404	6,779	19,131	0,10000
467	403	6,763	19,097	0,10000
468	400	6,772	21,300	0,10000
469	403	6,761	21,564	0,10000
470	402	6,755	23,746	0,10000
471	402	6,752	20,533	0,10000
472	400	6,756	19,300	0,10000
473	400	6,763	19,668	0,10000
474	400	6,783	21,085	0,10000
475	401	6,813	19,624	0,10000
476	405	6,809	18,755	0,10000
477	401	6,808	20,020	0,10000
478	405	6,806	18,902	0,10000
479	402	6,803	18,577	0,10000
480	400	6,793	19,033	0,10000
481	402	6,738	19,487	0,10000
482	400	6,766	19,813	0,10000
483	403	6,740	20,500	0,10000
484	402	6,754	18,840	0,10000
485	402	6,777	20,449	0,10000
486	404	6,784	19,565	0,10000
487	401	6,797	18,041	0,10000
488	403	6,792	20,352	0,10000
489	402	6,720	19,744	0,10000
490	402	6,694	20,349	0,10000
491	402	6,679	20,632	0,10000
492	401	6,705	21,160	0,10000
493	402	6,734	18,547	0,10000
494	401	6,775	19,618	0,10000
495	403	6,789	20,102	0,10000
496	400	6,752	19,907	0,10000
497	401	6,742	20,861	0,10000
498	403	6,749	21,800	0,10000
499	402	6,698	21,208	0,10000
500	405	6,700	18,263	0,10000
501	400	6,682	20,826	0,10000
502	402	6,694	20,074	0,10000
503	401	6,708	19,406	0,10000
504	404	6,744	18,570	0,10000
505	401	6,801	19,046	0,10000
506	402	6,787	17,765	0,10000
507	401	6,756	23,022	0,10000
508	402	6,778	19,160	0,10000
509	401	6,760	20,392	0,10000
510	402	6,718	19,081	0,10000
511	402	6,711	17,656	0,10000
512	401	6,730	20,373	0,10000
513	401	6,779	20,680	0,10000
514	403	6,796	18,360	0,10000
515	403	6,816	17,971	0,10000
516	401	6,815	17,941	0,10000
517	404	6,806	18,550	0,10000
518	401	6,791	18,471	0,10000
519	403	6,787	18,140	0,10000
520	400	6,721	20,072	0,10000
521	401	6,732	18,934	0,10000
522	404	6,679	17,866	0,10000
523	401	6,704	20,883	0,10000
524	401	6,681	18,689	0,10000
525	400	6,662	18,605	0,10000
526	401	6,637	18,673	0,10000
527	401	6,628	17,588	0,10000
528	403	6,656	17,863	0,10000
529	402	6,657	18,200	0,10000
530	403	6,679	17,656	0,10000
531	400	6,736	22,565	0,10000
532	403	6,717	17,454	0,10000
533	401	6,688	18,605	0,10000
534	402	6,629	19,121	0,10000
535	404	6,576	18,184	0,10000
536	400	6,671	17,864	0,10000
537	401	6,646	16,455	0,10000
538	402	6,681	16,419	0,10000
539	401	6,657	18,578	0,10000
540	400	6,670	18,392	0,10000
541	403	6,674	18,154	0,10000
542	404	6,727	20,842	0,10000
543	403	6,685	19,863	0,10000
544	401	6,648	19,462	0,10000
545	401	6,636	18,158	0,10000
546	404	6,596	18,644	0,10000
547	403	6,640	19,972	0,10000
548	403	6,672	19,537	0,10000
549	402	6,658	20,104	0,10000
550	403	6,683	18,748	0,10000
551	400	6,676	19,562	0,10000
552	401	6,728	19,675	0,10000
553	402	6,733	22,548	0,10000
554	401	6,729	19,390	0,10000
555	403	6,666	18,627	0,10000
556	402	6,677	17,426	0,10000
557	404	6,717	19,657	0,10000
558	401	6,728	16,889	0,10000
559	403	6,675	19,466	0,10000
560	403	6,675	17,875	0,10000
561	401	6,691	20,268	0,10000
562	402	6,674	21,254	0,10000
563	404	6,636	20,831	0,10000
564	401	6,656	17,172	0,10000
565	401	6,654	17,294	0,10000
566	402	6,703	20,109	0,10000
567	400	6,730	18,670	0,10000
568	403	6,671	18,739	0,10000
569	401	6,677	19,561	0,10000
570	402	6,664	21,656	0,10000
571	402	6,643	17,438	0,10000
572	402	6,628	19,332	0,10000
573	402	6,655	20,493	0,10000
574	402	6,641	20,478	0,10000
575	401	6,645	20,375	0,10000
576	401	6,658	19,913	0,10000
577	403	6,669	20,043	0,10000
578	404	6,705	19,580	0,10000
579	401	6,703	18,941	0,10000
580	401	6,751	20,975	0,10000
581	401	6,732	19,006	0,10000
582	400	6,712	21,183	0,10000
583	400	6,646	20,940	0,10000
584	402	6,668	17,614	0,10000
585	403	6,640	20,507	0,10000
586	400	6,644	20,509	0,10000
587	402	6,654	17,567	0,10000
588	401	6,670	19,540	0,10000
589	401	6,635	20,091	0,10000
590	402	6,649	18,614	0,10000
591	405	6,649	18,614	0,10000
592	403	6,632	20,655	0,10000
593	400	6,596	20,685	0,10000
594	403	6,580	19,558	0,10000
595	403	6,558	19,013	0,10000
596	400	6,549	16,561	0,10000
597	401	6,547	16,685	0,10000
598	402	6,558	20,120	0,10000
599	400	6,606	20,864	0,10000
600	402	6,622	20,949	0,10000
601	401	6,617	17,667	0,10000
602	402	6,610	16,949	0,10000
603	400	6,584	18,006	0,10000
604	402	6,599	18,380	0,10000
605	401	6,549	18,687	0,10000
606	400	6,515	17,393	0,10000
607	402	6,518	17,663	0,10000
608	401	6,517	17,870	0,10000
609	401	6,536	18,743	0,10000
610	403	6,547	19,311	0,10000
611	401	6,526	17,252	0,10000
612	401	6,520	17,441	0,10000
613	402	6,522	18,230	0,10000
614	401	6,484	19,203	0,10000
615	403	6,493	18,868	0,10000
616	400	6,510	18,709	0,10000
617	404	6,532	19,097	0,10000
618	404	6,532	19,028	0,10000
619	402	6,508	18,282	0,10000
620	403	6,541	17,335	0,10000
621	402	6,557	17,525	0,10000
622	402	6,568	18,309	0,10000
623	401	6,589	16,783	0,10000
624	401	6,579	16,958	0,10000
625	401	6,535	18,078	0,10000
626	401	6,546	18,653	0,10000
627	401	6,571	17,878	0,10000
628	403	6,581	20,259	0,10000
629	401	6,555	17,835	0,10000
630	402	6,561	19,155	0,10000
631	400	6,551	17,828	0,10000
632	401	6,583	18,886	0,10000
633	401	6,628	18,381	0,10000
634	405	6,616	18,896	0,10000
635	400	6,608	18,515	0,10000
636	402	6,575	18,515	0,10000
637	402	6,538	18,438	0,10000
638	402	6,550	16,953	0,10000
639	400	6,564	20,467	0,10000
640	401	6,565	20,924	0,10000
641	403	6,582	21,046	0,10000
642	401	6,567	19,459	0,10000
643	403	6,567	17,255	0,10000
644	403	6,597	19,052	0,10000
645	402	6,559	18,081	0,10000
646	404	6,566	18,789	0,10000
647	402	6,561	19,543	0,10000
648	400	6,587	21,322	0,10000
649	402	6,615	19,376	0,10000
650	401	6,633	19,820	0,10000
651	401	6,618	20,952	0,10000
652	404	6,580	20,751	0,10000
653	400	6,563	21,344	0,10000
654	406	6,565	20,822	0,10000
655	402	6,571	20,910	0,10000
656	401	6,617	21,508	0,10000
657	401	6,617	21,989	0,10000
658	400	6,626	22,081	0,10000
659	401	6,611	17,301	0,10000
660	402	6,622	19,142	0,10000
661	402	6,623	18,936	0,10000
662	403	6,629	20,373	0,10000
663	401	6,600	17,579	0,10000
664	402	6,641	22,150	0,10000
665	401	6,611	20,105	0,10000
666	402	6,616	21,320	0,10000
667	402	6,659	20,794	0,10000
668	404	6,701	19,571	0,10000
669	402	6,625	17,973	0,10000
670	403	6,571	18,798	0,10000
671	400	6,514	17,377	0,10000
672	403	6,544	17,667	0,10000
673	400	6,540	18,378	0,10000
674	402	6,575	20,851	0,10000
675	402	6,565	18,993	0,10000
676	402	6,558	19,216	0,10000
677	400	6,563	18,540	0,10000
678	402	6,568	19,286	0,10000
679	403	6,539	17,363	0,10000
680	404	6,562	19,234	0,10000
681	401	6,608	19,348	0,10000
682	402	6,588	19,260	0,10000
683	404	6,611	18,291	0,10000
684	400	6,576	18,681	0,10000
685	403	6,644	17,889	0,10000
686	401	6,602	17,678	0,10000
687	401	6,636	19,229	0,10000
688	402	6,621	19,064	0,10000
689	400	6,590	19,300	0,10000
690	401	6,591	17,917	0,10000
691	400	6,575	17,977	0,10000
692	401	6,598	17,948	0,10000
693	400	6,567	19,339	0,10000
694	402	6,545	16,400	0,10000
695	403	6,546	18,376	0,10000
696	403	6,587	18,382	0,10000
697	401	6,562	17,999	0,10000
698	401	6,594	18,124	0,10000
699	401	6,582	18,903	0,10000
700	401	6,604	19,375	0,10000
701	402	6,650	19,319	0,10000
702	402	6,617	19,921	0,10000
703	400	6,614	18,623	0,10000
704	403	6,577	20,107	0,10000
705	400	6,581	19,038	0,10000
706	400	6,597	20,139	0,10000
707	403	6,590	19,244	0,10000
708	402	6,571	17,608	0,10000
709	402	6,610	18,991	0,10000
710	401	6,588	19,669	0,10000
711	402	6,559	18,451	0,10000
712	403	6,577	18,006	0,10000
713	400	6,600	19,195	0,10000
714	402	6,594	19,506	0,10000
715	404	6,592	18,011	0,10000
716	402	6,540	18,549	0,10000
717	400	6,542	18,355	0,10000
718	402	6,539	17,860	0,10000
719	402	6,550	19,859	0,10000
720	403	6,570	18,750	0,10000
721	401	6,534	19,143	0,10000
722	401	6,526	18,565	0,10000
723	401	6,507	18,109	0,10000
724	401	6,544	17,785	0,10000
725	402	6,533	19,959	0,10000
726	403	6,545	19,945	0,10000
727	402	6,540	18,140	0,10000
728	402	6,527	19,329	0,10000
729	400	6,519	17,342	0,10000
730	403	6,503	17,908	0,10000
731	400	6,501	20,057	0,10000
732	403	6,553	22,133	0,10000
733	400	6,497	18,166	0,10000
734	402	6,505	17,547	0,10000
735	405	6,493	18,314	0,10000
736	402	6,487	20,093	0,10000
737	400	6,514	19,943	0,10000
738	402	6,498	18,992	0,10000
739	401	6,466	17,792	0,10000
740	402	6,435	18,447	0,10000
741	401	6,451	18,427	0,10000
742	403	6,472	17,831	0,10000
743	403	6,440	17,596	0,10000
744	403	6,415	19,797	0,10000
745	403	6,490	18,911	0,10000
746	402	6,465	19,164	0,10000
747	401	6,499	19,092	0,10000
748	401	6,533	18,956	0,10000
749	402	6,486	16,765	0,10000
750	402	6,480	20,453	0,10000
751	402	6,504	19,066	0,10000
752	401	6,553	18,952	0,10000
753	401	6,573	20,033	0,10000
754	403	6,546	20,417	0,10000
755	405	6,528	19,456	0,10000
756	402	6,555	18,213	0,10000
757	401	6,540	18,062	0,10000
758	405	6,559	19,788	0,10000
759	401	6,530	20,835	0,10000
760	400	6,563	20,127	0,10000
761	401	6,519	19,881	0,10000
762	400	6,503	19,769	0,10000
763	400	6,515	19,283	0,10000
764	402	6,531	21,675	0,10000
765	404	6,540	21,688	0,10000
766	403	6,538	19,900	0,10000
767	401	6,551	19,188	0,10000
768	400	6,557	20,768	0,10000
769	400	6,551	21,779	0,10000
770	401	6,481	17,560	0,10000
771	401	6,514	19,986	0,10000
772	401	6,523	22,981	0,10000
773	402	6,536	21,164	0,10000
774	402	6,516	22,282	0,10000
775	400	6,529	20,159	0,10000
776	403	6,530	21,836	0,10000
777	403	6,527	17,944	0,10000
778	402	6,534	18,791	0,10000
779	403	6,562	20,302	0,10000
780	401	6,546	19,658	0,10000
781	400	6,557	18,876	0,10000
782	402	6,565	19,921	0,10000
783	402	6,546	17,649	0,10000
784	401	6,547	18,662	0,10000
785	402	6,534	20,918	0,10000
786	400	6,553	20,644	0,10000
787	403	6,602	19,827	0,10000
788	404	6,581	22,681	0,10000
789	402	6,569	22,836	0,10000
790	402	6,564	19,552	0,10000
791	402	6,582	21,377	0,10000
792	404	6,598	20,843	0,10000
793	401	6,591	23,790	0,10000
794	402	6,569	21,889	0,10000
795	402	6,531	23,349	0,10000
796	401	6,486	19,849	0,10000
797	401	6,439	19,730	0,10000
798	401	6,451	20,430	0,10000
799	406	6,431	20,358	0,10000
800	401	6,430	19,049	0,10000
801	403	6,466	18,968	0,10000
802	401	6,498	18,428	0,10000
803	403	6,500	18,531	0,10000
804	402	6,538	19,538	0,10000
805	403	6,483	17,091	0,10000
806	402	6,454	17,384	0,10000
807	402	6,414	19,206	0,10000
808	404	6,452	19,169	0,10000
809	401	6,448	19,619	0,10000
810	401	6,454	21,777	0,10000
811	400	6,470	18,916	0,10000
812	400	6,455	19,897	0,10000
813	403	6,420	18,342	0,10000
814	400	6,408	16,535	0,10000
815	401	6,426	17,038	0,10000
816	404	6,424	16,468	0,10000
817	402	6,462	16,876	0,10000
818	400	6,511	18,618	0,10000
819	400	6,513	19,021	0,10000
820	401	6,485	20,474	0,10000
821	404	6,471	18,921	0,10000
822	402	6,443	18,873	0,10000
823	401	6,493	18,819	0,10000
824	401	6,477	20,907	0,10000
825	401	6,455	19,550	0,10000
826	401	6,473	18,047	0,10000
827	400	6,511	20,984	0,10000
828	400	6,486	20,068	0,10000
829	401	6,504	20,673	0,10000
830	400	6,515	18,457	0,10000
831	403	6,532	19,684	0,10000
832	401	6,513	17,391	0,10000
833	404	6,528	18,244	0,10000
834	402	6,532	18,183	0,10000
835	401	6,496	19,461	0,10000
836	400	6,483	20,079	0,10000
837	402	6,478	20,136	0,10000
838	401	6,425	21,196	0,10000
839	403	6,411	18,555	0,10000
840	402	6,443	19,615	0,10000
841	400	6,480	19,026	0,10000
842	402	6,456	18,449	0,10000
843	403	6,470	20,815	0,10000
844	400	6,493	19,212	0,10000
845	402	6,472	18,277	0,10000
846	401	6,464	19,294	0,10000
847	400	6,501	17,251	0,10000
848	402	6,492	21,104	0,10000
849	402	6,503	20,590	0,10000
850	401	6,456	20,055	0,10000
851	401	6,459	19,518	0,10000
852	401	6,521	18,585	0,10000
853	400	6,606	18,535	0,10000
854	402	6,589	17,623	0,10000
855	403	6,524	19,157	0,10000
856	402	6,569	19,455	0,10000
857	401	6,535	18,071	0,10000
858	401	6,544	19,989	0,10000
859	401	6,526	19,770	0,10000
860	400	6,528	20,311	0,10000
861	400	6,526	17,543	0,10000
862	402	6,555	18,801	0,10000
863	401	6,545	18,901	0,10000
864	404	6,486	17,181	0,10000
865	403	6,483	16,978	0,10000
866	404	6,529	18,724	0,10000
867	400	6,499	18,850	0,10000
868	406	6,468	19,008	0,10000
869	401	6,450	19,796	0,10000
870	402	6,489	20,298	0,10000
871	402	6,460	18,343	0,10000
872	401	6,475	17,784	0,10000
873	401	6,523	18,195	0,10000
874	401	6,538	19,215	0,10000
875	402	6,510	19,212	0,10000
876	401	6,532	18,255	0,10000
877	400	6,522	19,003	0,10000
878	400	6,504	19,644	0,10000
879	400	6,462	19,387	0,10000
880	404	6,463	17,564	0,10000
881	402	6,499	18,112	0,10000
882	400	6,481	18,324	0,10000
883	405	6,490	18,005	0,10000
884	401	6,477	18,215	0,10000
885	403	6,477	19,585	0,10000
886	401	6,497	19,707	0,10000
887	402	6,486	18,889	0,10000
888	402	6,516	22,100	0,10000
889	404	6,490	18,576	0,10000
890	402	6,481	19,095	0,10000
891	403	6,483	18,789	0,10000
892	401	6,459	17,738	0,10000
893	403	6,451	18,852	0,10000
894	402	6,443	20,360	0,10000
895	400	6,459	16,977	0,10000
896	401	6,448	18,495	0,10000
897	401	6,478	18,261	0,10000
898	402	6,473	18,370	0,10000
899	401	6,471	17,703	0,10000
900	401	6,488	18,067	0,10000
901	403	6,446	18,193	0,10000
902	401	6,494	20,517	0,10000
903	401	6,515	17,902	0,10000
904	402	6,504	18,831	0,10000
905	402	6,511	18,678	0,10000
906	404	6,485	18,499	0,10000
907	402	6,455	18,909	0,10000
908	400	6,448	20,598	0,10000
909	400	6,445	17,647	0,10000
910	400	6,439	18,738	0,10000
911	403	6,423	18,940	0,10000
912	402	6,420	18,206	0,10000
913	401	6,464	21,027	0,10000
914	402	6,485	23,682	0,10000
915	402	6,469	19,182	0,10000
916	401	6,466	18,891	0,10000
917	401	6,422	18,326	0,10000
918	400	6,430	20,961	0,10000
919	403	6,448	21,856	0,10000
920	401	6,443	18,784	0,10000
921	402	6,437	19,930	0,10000
922	402	6,464	19,139	0,10000
923	401	6,482	18,780	0,10000
924	402	6,450	18,597	0,10000
925	405	6,429	18,501	0,10000
926	402	6,462	20,693	0,10000
927	402	6,486	22,525	0,10000
928	402	6,495	18,800	0,10000
929	401	6,539	18,511	0,10000
930	404	6,520	21,504	0,10000
931	401	6,528	21,065	0,10000
932	403	6,574	23,151	0,10000
933	402	6,530	19,703	0,10000
934	401	6,485	17,855	0,10000
935	401	6,523	17,705	0,10000
936	401	6,526	21,527	0,10000
937	401	6,498	18,077	0,10000
938	400	6,467	18,562	0,10000
939	403	6,477	20,385	0,10000
940	400	6,468	18,768	0,10000
941	404	6,437	22,669	0,10000
942	403	6,408	19,681	0,10000
943	401	6,496	18,425	0,10000
944	401	6,413	18,357	0,10000
945	406	6,427	18,389	0,10000
946	402	6,458	20,207	0,10000
947	403	6,475	19,182	0,10000
948	402	6,474	19,967	0,10000
949	401	6,499	21,887	0,10000
950	401	6,437	21,058	0,10000
951	402	6,419	18,482	0,10000
952	403	6,390	22,517	0,10000
953	401	6,404	17,867	0,10000
954	401	6,430	17,570	0,10000
955	402	6,454	18,704	0,10000
956	402	6,437	19,937	0,10000
957	400	6,458	22,074	0,10000
958	403	6,440	18,066	0,10000
959	403	6,423	17,590	0,10000
960	402	6,419	16,847	0,10000
961	401	6,423	17,923	0,10000
962	402	6,412	18,715	0,10000
963	401	6,346	17,895	0,10000
964	400	6,388	17,565	0,10000
965	400	6,372	18,939	0,10000
966	401	6,407	16,843	0,10000
967	401	6,414	17,638	0,10000
968	404	6,413	19,973	0,10000
969	401	6,445	20,692	0,10000
970	402	6,449	19,584	0,10000
971	404	6,441	19,955	0,10000
972	404	6,426	20,512	0,10000
973	401	6,414	18,703	0,10000
974	402	6,404	17,685	0,10000
975	402	6,441	18,587	0,10000
976	403	6,463	20,925	0,10000
977	403	6,474	20,845	0,10000
978	401	6,472	20,371	0,10000
979	401	6,480	21,203	0,10000
980	400	6,483	20,215	0,10000
981	402	6,540	21,163	0,10000
982	401	6,564	21,073	0,10000
983	400	6,536	21,183	0,10000
984	403	6,517	20,530	0,10000
985	402	6,462	20,066	0,10000
986	401	6,489	19,759	0,10000
987	403	6,502	19,759	0,10000
988	403	6,512	19,692	0,10000
989	402	6,516	20,258	0,10000
990	402	6,549	19,298	0,10000
991	402	6,553	19,612	0,10000
992	402	6,460	19,631	0,10000
993	404	6,445	18,366	0,10000
994	403	6,403	17,767	0,10000
995	401	6,402	19,341	0,10000
996	401	6,424	17,550	0,10000
997	403	6,418	17,618	0,10000
998	403	6,399	16,618	0,10000
999	401	6,405	17,940	0,10000
1000	400	6,436	16,714	0,10000
1001	401	6,507	18,503	0,10000
1002	401	6,516	21,733	0,10000
1003	403	6,521	19,574	0,10000
1004	401	6,516	21,161	0,10000
1005	403	6,491	17,995	0,10000
1006	402	6,463	17,708	0,10000
1007	401	6,466	19,052	0,10000
1008	402	6,484	18,765	0,10000
1009	402	6,465	19,000	0,10000
1010	402	6,456	20,056	0,10000
1011	403	6,445	20,281	0,10000
1012	403	6,494	21,626	0,10000
1013	401	6,465	21,328	0,10000
1014	402	6,441	19,661	0,10000
1015	401	6,434	20,903	0,10000
1016	403	6,435	19,065	0,10000
1017	402	6,453	18,799	0,10000
1018	402	6,444	17,744	0,10000
1019	402	6,441	16,928	0,10000
1020	404	6,431	16,858	0,10000
1021	403	6,434	18,254	0,10000
1022	401	6,414	18,287	0,10000
1023	401	6,412	17,593	0,10000
1024	401	6,401	18,316	0,10000
1025	401	6,414	18,741	0,10000
1026	403	6,422	18,871	0,10000
1027	402	6,406	17,289	0,10000
1028	400	6,451	17,917	0,10000
1029	403	6,458	17,614	0,10000
1030	401	6,460	20,123	0,10000
1031	402	6,497	21,957	0,10000
1032	400	6,490	18,183	0,10000
1033	405	6,516	20,524	0,10000
1034	400	6,536	17,831	0,10000
1035	400	6,508	19,562	0,10000
1036	403	6,478	20,835	0,10000
1037	400	6,454	19,041	0,10000
1038	403	6,453	19,032	0,10000
1039	402	6,434	20,741	0,10000
1040	404	6,464	18,451	0,10000
1041	401	6,399	17,273	0,10000
1042	402	6,421	18,741	0,10000
1043	403	6,426	19,430	0,10000
1044	400	6,373	20,188	0,10000
1045	401	6,359	19,819	0,10000
1046	402	6,382	18,577	0,10000
1047	403	6,387	16,427	0,10000
1048	404	6,386	17,172	0,10000
1049	400	6,436	18,256	0,10000
1050	403	6,431	18,519	0,10000
1051	402	6,393	17,316	0,10000
1052	401	6,427	18,189	0,10000
1053	400	6,407	17,934	0,10000
1054	402	6,387	18,427	0,10000
1055	402	6,411	16,948	0,10000
1056	401	6,433	19,704	0,10000
1057	401	6,445	17,841	0,10000
1058	402	6,477	17,531	0,10000
1059	404	6,446	18,087	0,10000
1060	402	6,466	19,436	0,10000
1061	400	6,461	18,936	0,10000
1062	403	6,454	20,538	0,10000
1063	400	6,450	20,984	0,10000
1064	402	6,415	20,322	0,10000
1065	404	6,405	19,817	0,10000
1066	401	6,417	17,815	0,10000
1067	400	6,448	20,288	0,10000
1068	401	6,454	18,448	0,10000
1069	400	6,444	17,938	0,10000
1070	401	6,455	18,038	0,10000
1071	403	6,475	20,893	0,10000
1072	404	6,441	20,296	0,10000
1073	402	6,399	19,021	0,10000
1074	402	6,389	20,840	0,10000
1075	402	6,443	20,435	0,10000
1076	401	6,475	20,363	0,10000
1077	401	6,457	20,115	0,10000
1078	404	6,460	21,838	0,10000
1079	402	6,450	19,826	0,10000
1080	402	6,459	19,228	0,10000
1081	401	6,438	21,339	0,10000
1082	402	6,458	19,790	0,10000
1083	400	6,440	17,623	0,10000
1084	403	6,428	19,659	0,10000
1085	400	6,359	21,566	0,10000
1086	402	6,325	20,789	0,10000
1087	403	6,337	17,171	0,10000
1088	402	6,359	17,626	0,10000
1089	401	6,367	18,203	0,10000
1090	403	6,384	19,782	0,10000
1091	400	6,409	18,091	0,10000
1092	401	6,395	19,498	0,10000
1093	401	6,404	19,683	0,10000
1094	401	6,430	18,475	0,10000
1095	401	6,405	20,590	0,10000
1096	402	6,415	19,178	0,10000
1097	401	6,408	22,067	0,10000
1098	401	6,382	20,245	0,10000
1099	403	6,406	22,449	0,10000
1100	400	6,384	22,852	0,10000
1101	402	6,394	17,335	0,10000
1102	402	6,418	18,272	0,10000
1103	400	6,425	19,272	0,10000
1104	400	6,398	23,420	0,10000
1105	402	6,363	22,288	0,10000
1106	401	6,349	19,670	0,10000
1107	400	6,336	22,006	0,10000
1108	401	6,321	17,330	0,10000
1109	401	6,329	18,437	0,10000
1110	405	6,330	17,731	0,10000
1111	402	6,326	19,765	0,10000
1112	401	6,354	21,140	0,10000
1113	401	6,337	20,712	0,10000
1114	402	6,329	18,887	0,10000
1115	401	6,364	21,348	0,10000
1116	402	6,325	18,359	0,10000
1117	401	6,348	19,921	0,10000
1118	402	6,368	20,317	0,10000
1119	404	6,349	17,574	0,10000
1120	402	6,317	16,827	0,10000
1121	405	6,327	16,867	0,10000
1122	402	6,303	17,961	0,10000
1123	403	6,309	17,838	0,10000
1124	401	6,343	17,310	0,10000
1125	401	6,358	19,487	0,10000
1126	401	6,422	18,258	0,10000
1127	402	6,422	18,330	0,10000
1128	402	6,374	19,005	0,10000
1129	403	6,343	20,239	0,10000
1130	400	6,348	18,255	0,10000
1131	401	6,325	18,024	0,10000
1132	401	6,377	17,700	0,10000
1133	401	6,395	17,207	0,10000
1134	405	6,372	17,717	0,10000
1135	401	6,371	21,464	0,10000
1136	403	6,303	20,680	0,10000
1137	401	6,300	20,350	0,10000
1138	402	6,302	18,977	0,10000
1139	402	6,303	17,074	0,10000
1140	400	6,288	18,050	0,10000
1141	400	6,315	19,662	0,10000
1142	401	6,323	17,856	0,10000
1143	401	6,317	20,357	0,10000
1144	400	6,339	21,374	0,10000
1145	401	6,343	19,687	0,10000
1146	401	6,367	18,173	0,10000
1147	400	6,356	17,805	0,10000
1148	403	6,366	17,538	0,10000
1149	400	6,334	17,742	0,10000
1150	401	6,317	17,664	0,10000
1151	405	6,305	17,340	0,10000
1152	402	6,360	16,728	0,10000
1153	405	6,393	17,556	0,10000
1154	402	6,351	17,274	0,10000
1155	402	6,354	19,905	0,10000
1156	404	6,365	21,054	0,10000
1157	402	6,361	23,379	0,10000
1158	403	6,418	22,770	0,10000
1159	402	6,421	21,012	0,10000
1160	403	6,389	19,879	0,10000
1161	402	6,401	19,021	0,10000
1162	402	6,386	19,567	0,10000
1163	400	6,367	21,413	0,10000
1164	403	6,330	19,751	0,10000
1165	402	6,359	20,238	0,10000
1166	400	6,377	21,475	0,10000
1167	401	6,380	21,930	0,10000
1168	405	6,402	19,523	0,10000
1169	403	6,377	18,824	0,10000
1170	401	6,358	18,432	0,10000
1171	401	6,380	19,180	0,10000
1172	402	6,386	20,375	0,10000
1173	402	6,361	19,242	0,10000
1174	401	6,332	18,211	0,10000
1175	401	6,345	20,802	0,10000
1176	403	6,292	17,107	0,10000
1177	401	6,301	21,241	0,10000
1178	402	6,299	19,960	0,10000
1179	402	6,295	18,777	0,10000
1180	403	6,361	19,881	0,10000
1181	402	6,355	21,720	0,10000
1182	402	6,368	21,989	0,10000
1183	400	6,338	19,885	0,10000
1184	401	6,375	17,678	0,10000
1185	402	6,440	18,128	0,10000
1186	402	6,394	18,737	0,10000
1187	401	6,389	18,943	0,10000
1188	401	6,423	18,889	0,10000
1189	402	6,425	19,386	0,10000
1190	402	6,397	19,679	0,10000
1191	402	6,384	19,457	0,10000
1192	404	6,391	20,356	0,10000
1193	402	6,408	20,356	0,10000
1194	401	6,398	21,878	0,10000
1195	401	6,388	20,873	0,10000
1196	403	6,423	18,685	0,10000
1197	401	6,405	19,846	0,10000
1198	404	6,377	18,499	0,10000
1199	401	6,365	20,193	0,10000
1200	403	6,291	18,781	0,10000
1201	403	6,364	20,602	0,10000
1202	400	6,350	19,346	0,10000
1203	403	6,350	19,706	0,10000
1204	401	6,319	18,282	0,10000
1205	405	6,303	18,340	0,10000
1206	402	6,331	20,355	0,10000
1207	403	6,315	23,997	0,10000
1208	401	6,342	20,353	0,10000
1209	403	6,335	19,911	0,10000
1210	401	6,336	22,881	0,10000
1211	400	6,377	21,189	0,10000
1212	405	6,392	22,189	0,10000
1213	402	6,413	19,424	0,10000
1214	400	6,392	19,728	0,10000
1215	400	6,370	20,357	0,10000
1216	400	6,356	20,871	0,10000
1217	401	6,312	19,032	0,10000
1218	402	6,276	18,780	0,10000
1219	402	6,277	18,259	0,10000
1220	401	6,346	20,398	0,10000
1221	401	6,335	18,780	0,10000
1222	403	6,329	19,049	0,10000
1223	403	6,331	20,530	0,10000
1224	400	6,362	18,377	0,10000
1225	400	6,311	18,660	0,10000
1226	402	6,287	17,121	0,10000
1227	401	6,276	17,227	0,10000
1228	405	6,305	20,758	0,10000
1229	402	6,313	18,638	0,10000
1230	401	6,315	17,449	0,10000
1231	400	6,319	17,983	0,10000
1232	401	6,349	18,596	0,10000
1233	402	6,358	20,041	0,10000
1234	403	6,354	19,047	0,10000
1235	404	6,326	19,368	0,10000
1236	401	6,309	18,522	0,10000
1237	401	6,332	22,190	0,10000
1238	402	6,313	21,357	0,10000
1239	400	6,361	19,386	0,10000
1240	401	6,364	19,100	0,10000
1241	400	6,382	19,053	0,10000
1242	403	6,389	18,992	0,10000
1243	401	6,354	17,661	0,10000
1244	403	6,388	16,452	0,10000
1245	403	6,400	20,795	0,10000
1246	403	6,362	17,036	0,10000
1247	400	6,306	18,557	0,10000
1248	402	6,289	20,019	0,10000
1249	403	6,292	21,107	0,10000
1250	403	6,301	20,218	0,10000
1251	400	6,292	19,408	0,10000
1252	401	6,297	19,510	0,10000
1253	403	6,324	19,186	0,10000
1254	400	6,350	20,800	0,10000
1255	402	6,386	18,179	0,10000
1256	402	6,397	19,618	0,10000
1257	400	6,397	19,685	0,10000
1258	402	6,391	19,203	0,10000
1259	402	6,412	18,766	0,10000
1260	403	6,431	22,277	0,10000
1261	402	6,401	21,636	0,10000
1262	401	6,365	19,919	0,10000
1263	401	6,356	19,524	0,10000
1264	401	6,356	18,090	0,10000
1265	403	6,312	17,668	0,10000
1266	401	6,296	17,216	0,10000
1267	400	6,342	19,510	0,10000
1268	405	6,291	17,493	0,10000
1269	401	6,319	18,969	0,10000
1270	400	6,323	19,420	0,10000
1271	402	6,331	17,510	0,10000
1272	400	6,317	17,039	0,10000
1273	400	6,358	18,234	0,10000
1274	404	6,340	17,219	0,10000
1275	403	6,329	17,891	0,10000
1276	402	6,372	20,101	0,10000
1277	401	6,404	20,107	0,10000
1278	401	6,360	22,151	0,10000
1279	403	6,351	19,833	0,10000
1280	402	6,340	17,583	0,10000
1281	401	6,370	19,468	0,10000
1282	402	6,358	18,872	0,10000
1283	403	6,305	19,565	0,10000
1284	400	6,300	19,520	0,10000
1285	402	6,318	20,337	0,10000
1286	401	6,316	20,337	0,10000
1287	400	6,326	20,854	0,10000
1288	403	6,353	19,945	0,10000
1289	400	6,338	19,251	0,10000
1290	400	6,359	20,011	0,10000
1291	403	6,328	19,420	0,10000
1292	404	6,363	19,850	0,10000
1293	401	6,352	20,549	0,10000
1294	403	6,338	18,775	0,10000
1295	401	6,311	21,811	0,10000
1296	402	6,326	24,125	0,10000
1297	400	6,356	22,222	0,10000
1298	402	6,345	20,707	0,10000
1299	401	6,310	18,469	0,10000
1300	403	6,303	20,976	0,10000
1301	403	6,294	19,270	0,10000
1302	405	6,289	18,874	0,10000
1303	402	6,288	20,196	0,10000
1304	401	6,282	19,024	0,10000
1305	403	6,260	18,822	0,10000
1306	404	6,227	18,262	0,10000
1307	401	6,249	19,396	0,10000
1308	401	6,305	17,288	0,10000
1309	401	6,276	17,343	0,10000
1310	401	6,321	17,643	0,10000
1311	402	6,347	17,928	0,10000
1312	406	6,312	18,577	0,10000
1313	402	6,307	18,239	0,10000
1314	403	6,320	17,992	0,10000
1315	402	6,302	18,606	0,10000
1316	402	6,275	19,281	0,10000
1317	402	6,253	18,576	0,10000
1318	400	6,276	17,537	0,10000
1319	402	6,326	18,673	0,10000
1320	403	6,337	18,430	0,10000
1321	404	6,349	19,110	0,10000
1322	401	6,314	18,244	0,10000
1323	402	6,313	18,718	0,10000
1324	400	6,365	18,871	0,10000
1325	400	6,332	18,552	0,10000
1326	401	6,330	19,529	0,10000
1327	400	6,308	17,961	0,10000
1328	402	6,354	20,452	0,10000
1329	403	6,327	19,297	0,10000
1330	402	6,352	19,889	0,10000
1331	402	6,391	20,617	0,10000
1332	401	6,321	22,973	0,10000
1333	401	6,323	20,142	0,10000
1334	402	6,318	16,786	0,10000
1335	400	6,261	17,813	0,10000
1336	402	6,294	19,675	0,10000
1337	401	6,340	19,883	0,10000
1338	402	6,341	20,451	0,10000
1339	401	6,372	19,946	0,10000
1340	402	6,373	20,616	0,10000
1341	402	6,351	19,965	0,10000
1342	400	6,374	19,271	0,10000
1343	400	6,356	20,101	0,10000
1344	402	6,370	16,978	0,10000
1345	400	6,351	16,361	0,10000
1346	403	6,347	19,458	0,10000
1347	400	6,357	17,894	0,10000
1348	402	6,362	18,510	0,10000
1349	401	6,362	21,167	0,10000
1350	403	6,320	19,387	0,10000
1351	403	6,266	17,603	0,10000
1352	400	6,270	19,632	0,10000
1353	402	6,301	19,681	0,10000
1354	403	6,292	19,040	0,10000
1355	400	6,333	18,911	0,10000
1356	401	6,319	19,228	0,10000
1357	402	6,324	19,067	0,10000
1358	401	6,337	18,769	0,10000
1359	401	6,364	19,391	0,10000
1360	401	6,369	19,512	0,10000
1361	402	6,336	18,775	0,10000
1362	402	6,295	17,783	0,10000
1363	403	6,299	17,258	0,10000
1364	402	6,326	20,506	0,10000
1365	405	6,330	20,144	0,10000
1366	401	6,325	19,828	0,10000
1367	401	6,349	17,386	0,10000
1368	401	6,334	17,471	0,10000
1369	401	6,331	19,090	0,10000
1370	401	6,394	20,748	0,10000
1371	402	6,372	19,019	0,10000
1372	401	6,400	20,367	0,10000
1373	401	6,361	19,901	0,10000
1374	401	6,355	17,679	0,10000
1375	402	6,328	19,505	0,10000
1376	400	6,288	19,985	0,10000
1377	403	6,295	21,333	0,10000
1378	400	6,308	18,502	0,10000
1379	403	6,311	18,854	0,10000
1380	403	6,357	18,779	0,10000
1381	402	6,355	18,976	0,10000
1382	401	6,325	19,941	0,10000
1383	403	6,312	20,444	0,10000
1384	402	6,306	17,515	0,10000
1385	401	6,285	17,595	0,10000
1386	401	6,289	17,452	0,10000
1387	400	6,282	21,601	0,10000
1388	400	6,308	20,609	0,10000
1389	402	6,339	22,770	0,10000
1390	402	6,300	19,400	0,10000
1391	402	6,286	21,392	0,10000
1392	403	6,281	20,589	0,10000
1393	402	6,324	22,098	0,10000
1394	401	6,319	21,118	0,10000
1395	401	6,309	18,411	0,10000
1396	404	6,325	17,534	0,10000
1397	404	6,316	18,126	0,10000
1398	401	6,329	18,027	0,10000
1399	404	6,338	19,014	0,10000
1400	402	6,293	16,557	0,10000
1401	402	6,275	16,700	0,10000
1402	401	6,287	16,990	0,10000
1403	400	6,298	17,616	0,10000
1404	403	6,325	17,898	0,10000
1405	400	6,296	19,239	0,10000
1406	405	6,283	17,569	0,10000
1407	403	6,278	18,289	0,10000
1408	400	6,296	19,865	0,10000
1409	403	6,298	19,933	0,10000
1410	402	6,345	20,235	0,10000
1411	402	6,368	20,280	0,10000
1412	403	6,366	20,805	0,10000
1413	402	6,347	18,663	0,10000
1414	402	6,368	18,849	0,10000
1415	403	6,338	19,384	0,10000
1416	400	6,345	20,100	0,10000
1417	403	6,321	20,552	0,10000
1418	402	6,317	22,444	0,10000
1419	402	6,329	19,333	0,10000
1420	405	6,281	20,514	0,10000
1421	401	6,265	21,030	0,10000
1422	401	6,275	17,063	0,10000
1423	401	6,253	17,594	0,10000
1424	400	6,256	19,241	0,10000
1425	401	6,320	17,896	0,10000
1426	402	6,328	17,584	0,10000
1427	400	6,324	17,467	0,10000
1428	401	6,329	17,714	0,10000
1429	402	6,289	17,246	0,10000
1430	402	6,225	18,250	0,10000
1431	402	6,256	18,648	0,10000
1432	402	6,268	18,751	0,10000
1433	401	6,269	18,153	0,10000
1434	401	6,254	18,588	0,10000
1435	401	6,224	18,743	0,10000
1436	404	6,280	20,557	0,10000
1437	401	6,285	20,199	0,10000
1438	402	6,313	17,595	0,10000
1439	400	6,296	17,994	0,10000
1440	402	6,288	20,684	0,10000
1441	403	6,293	20,414	0,10000
1442	404	6,258	17,813	0,10000
1443	402	6,257	20,187	0,10000
1444	401	6,278	19,457	0,10000
1445	403	6,215	17,654	0,10000
1446	403	6,214	17,737	0,10000
1447	402	6,215	16,862	0,10000
1448	402	6,213	17,513	0,10000
1449	403	6,243	18,794	0,10000
1450	401	6,275	20,722	0,10000
1451	403	6,282	18,158	0,10000
1452	402	6,273	17,954	0,10000
1453	402	6,236	16,801	0,10000
1454	403	6,231	17,530	0,10000
1455	401	6,240	17,018	0,10000
1456	402	6,245	18,791	0,10000
1457	401	6,280	20,458	0,10000
1458	401	6,305	20,061	0,10000
1459	400	6,355	21,906	0,10000
1460	403	6,366	18,879	0,10000
1461	402	6,303	17,841	0,10000
1462	403	6,289	17,909	0,10000
1463	402	6,274	17,914	0,10000
1464	401	6,284	18,576	0,10000
1465	400	6,289	18,120	0,10000
1466	401	6,276	17,542	0,10000
1467	401	6,266	17,955	0,10000
1468	403	6,226	18,373	0,10000
1469	402	6,255	19,158	0,10000
1470	400	6,277	19,265	0,10000
1471	401	6,253	18,662	0,10000
1472	403	6,237	19,480	0,10000
1473	401	6,255	19,364	0,10000
1474	404	6,303	20,493	0,10000
1475	402	6,266	19,427	0,10000
1476	403	6,247	16,910	0,10000
1477	401	6,273	21,166	0,10000
1478	400	6,255	18,403	0,10000
1479	402	6,255	16,652	0,10000
1480	402	6,270	18,018	0,10000
1481	404	6,252	17,618	0,10000
1482	400	6,221	17,521	0,10000
1483	403	6,216	18,761	0,10000
1484	400	6,220	17,812	0,10000
1485	401	6,236	18,080	0,10000
1486	401	6,234	18,820	0,10000
1487	403	6,198	17,747	0,10000
1488	400	6,201	18,887	0,10000
1489	401	6,200	18,191	0,10000
1490	402	6,233	17,072	0,10000
1491	401	6,246	17,952	0,10000
1492	402	6,253	19,218	0,10000
1493	405	6,260	17,821	0,10000
1494	403	6,264	18,281	0,10000
1495	403	6,256	18,061	0,10000
1496	403	6,265	20,044	0,10000
1497	400	6,287	20,702	0,10000
1498	401	6,281	20,152	0,10000
1499	402	6,289	16,981	0,10000
1500	401	6,293	19,797	0,10000
1501	404	6,353	19,677	0,10000
1502	401	6,362	20,546	0,10000
1503	403	6,306	19,691	0,10000
1504	401	6,325	20,418	0,10000
1505	400	6,358	18,899	0,10000
1506	403	6,358	18,566	0,10000
1507	402	6,323	18,913	0,10000
1508	402	6,323	19,507	0,10000
1509	400	6,389	19,896	0,10000
1510	402	6,362	23,376	0,10000
1511	401	6,316	17,872	0,10000
1512	401	6,282	18,376	0,10000
1513	403	6,292	18,538	0,10000
1514	403	6,237	17,396	0,10000
1515	403	6,264	19,607	0,10000
1516	404	6,242	18,716	0,10000
1517	401	6,212	17,941	0,10000
1518	401	6,242	18,867	0,10000
1519	401	6,223	18,328	0,10000
1520	402	6,267	18,953	0,10000
1521	404	6,273	19,607	0,10000
1522	401	6,301	19,355	0,10000
1523	401	6,276	20,130	0,10000
1524	401	6,264	18,684	0,10000
1525	402	6,267	18,999	0,10000
1526	401	6,285	18,583	0,10000
1527	404	6,255	20,823	0,10000
1528	401	6,253	18,631	0,10000
1529	403	6,283	18,283	0,10000
1530	403	6,246	18,717	0,10000
1531	401	6,239	17,083	0,10000
1532	400	6,253	19,611	0,10000
1533	401	6,234	18,931	0,10000
1534	402	6,212	18,896	0,10000
1535	401	6,215	19,458	0,10000
1536	402	6,236	18,116	0,10000
1537	401	6,258	18,192	0,10000
1538	400	6,231	18,140	0,10000
1539	400	6,196	17,200	0,10000
1540	402	6,188	17,292	0,10000
1541	401	6,218	19,009	0,10000
1542	402	6,230	18,422	0,10000
1543	402	6,265	18,644	0,10000
1544	401	6,237	17,449	0,10000
1545	401	6,244	16,988	0,10000
1546	401	6,237	17,874	0,10000
1547	402	6,205	18,106	0,10000
1548	402	6,227	18,361	0,10000
1549	402	6,211	17,363	0,10000
1550	401	6,240	19,793	0,10000
1551	402	6,280	18,361	0,10000
1552	403	6,245	19,230	0,10000
1553	400	6,266	19,827	0,10000
1554	403	6,310	20,059	0,10000
1555	400	6,280	19,639	0,10000
1556	400	6,249	21,929	0,10000
1557	401	6,211	22,888	0,10000
1558	400	6,227	21,546	0,10000
1559	401	6,204	20,534	0,10000
1560	403	6,231	21,599	0,10000
1561	401	6,230	17,434	0,10000
1562	402	6,258	21,394	0,10000
1563	403	6,227	18,591	0,10000
1564	401	6,184	17,377	0,10000
1565	400	6,161	19,811	0,10000
1566	401	6,129	16,407	0,10000
1567	402	6,139	20,583	0,10000
1568	403	6,155	15,634	0,10000
1569	401	6,133	16,197	0,10000
1570	401	6,168	15,095	0,10000
1571	402	6,199	15,904	0,10000
1572	401	6,198	16,933	0,10000
1573	401	6,201	16,723	0,10000
1574	402	6,197	17,148	0,10000
1575	402	6,176	18,015	0,10000
1576	400	6,173	17,767	0,10000
1577	403	6,211	17,901	0,10000
1578	401	6,215	18,214	0,10000
1579	401	6,217	19,085	0,10000
1580	401	6,237	17,934	0,10000
1581	402	6,209	21,266	0,10000
1582	403	6,204	21,918	0,10000
1583	400	6,221	21,318	0,10000
1584	402	6,246	20,346	0,10000
1585	403	6,219	19,523	0,10000
1586	403	6,231	19,267	0,10000
1587	400	6,209	19,032	0,10000
1588	402	6,212	20,419	0,10000
1589	405	6,252	20,388	0,10000
1590	402	6,264	19,230	0,10000
1591	401	6,253	18,102	0,10000
1592	402	6,253	18,752	0,10000
1593	402	6,271	18,057	0,10000
1594	401	6,252	18,674	0,10000
1595	401	6,295	20,224	0,10000
1596	400	6,261	18,903	0,10000
1597	403	6,343	19,075	0,10000
1598	401	6,322	17,726	0,10000
1599	402	6,312	18,404	0,10000
1600	400	6,255	18,635	0,10000
1601	402	6,208	18,704	0,10000
1602	400	6,237	16,207	0,10000
1603	401	6,269	16,525	0,10000
1604	401	6,263	18,401	0,10000
1605	402	6,233	19,854	0,10000
1606	402	6,274	17,634	0,10000
1607	402	6,230	17,805	0,10000
1608	400	6,226	18,481	0,10000
1609	402	6,260	18,158	0,10000
1610	405	6,229	19,011	0,10000
1611	400	6,193	19,259	0,10000
1612	401	6,231	20,092	0,10000
1613	403	6,246	20,465	0,10000
1614	402	6,247	22,047	0,10000
1615	402	6,275	19,332	0,10000
1616	400	6,233	18,781	0,10000
1617	403	6,239	19,834	0,10000
1618	401	6,226	19,935	0,10000
1619	402	6,199	16,933	0,10000
1620	402	6,219	17,456	0,10000
1621	403	6,215	18,756	0,10000
1622	401	6,230	18,757	0,10000
1623	401	6,220	20,254	0,10000
1624	402	6,208	16,555	0,10000
1625	402	6,246	17,852	0,10000
1626	402	6,275	19,867	0,10000
1627	401	6,295	18,478	0,10000
1628	402	6,254	19,585	0,10000
1629	404	6,281	17,910	0,10000
1630	402	6,277	18,358	0,10000
1631	406	6,271	21,301	0,10000
1632	403	6,237	17,749	0,10000
1633	403	6,288	18,263	0,10000
1634	400	6,303	17,173	0,10000
1635	403	6,303	19,881	0,10000
1636	403	6,327	19,559	0,10000
1637	400	6,281	17,816	0,10000
1638	403	6,297	18,786	0,10000
1639	402	6,310	18,954	0,10000
1640	404	6,280	18,935	0,10000
1641	400	6,296	18,618	0,10000
1642	403	6,291	18,486	0,10000
1643	401	6,314	21,896	0,10000
1644	400	6,335	19,579	0,10000
1645	401	6,346	18,695	0,10000
1646	402	6,289	18,989	0,10000
1647	402	6,246	17,164	0,10000
1648	401	6,267	20,172	0,10000
1649	402	6,228	18,076	0,10000
1650	401	6,297	17,980	0,10000
1651	404	6,295	18,761	0,10000
1652	402	6,278	18,440	0,10000
1653	401	6,224	20,285	0,10000
1654	404	6,242	19,168	0,10000
1655	401	6,267	17,881	0,10000
1656	401	6,234	16,446	0,10000
1657	402	6,227	20,175	0,10000
1658	401	6,227	20,351	0,10000
1659	402	6,234	21,647	0,10000
1660	402	6,237	20,247	0,10000
1661	401	6,287	21,340	0,10000
1662	401	6,302	20,180	0,10000
1663	402	6,288	19,688	0,10000
1664	403	6,243	19,381	0,10000
1665	400	6,204	18,051	0,10000
1666	401	6,270	19,218	0,10000
1667	401	6,269	19,573	0,10000
1668	403	6,294	21,299	0,10000
1669	401	6,285	18,145	0,10000
1670	400	6,277	18,760	0,10000
1671	401	6,259	17,732	0,10000
1672	401	6,264	19,560	0,10000
1673	401	6,261	20,202	0,10000
1674	402	6,245	19,216	0,10000
1675	401	6,227	19,474	0,10000
1676	402	6,257	17,925	0,10000
1677	401	6,233	18,796	0,10000
1678	401	6,225	21,710	0,10000
1679	403	6,208	20,974	0,10000
1680	401	6,189	17,703	0,10000
1681	402	6,225	17,688	0,10000
1682	400	6,200	17,119	0,10000
1683	402	6,221	16,760	0,10000
1684	402	6,192	16,538	0,10000
1685	400	6,200	18,758	0,10000
1686	403	6,253	17,569	0,10000
1687	400	6,257	18,627	0,10000
1688	403	6,220	20,571	0,10000
1689	402	6,234	19,090	0,10000
1690	400	6,219	19,232	0,10000
1691	403	6,178	21,087	0,10000
1692	401	6,199	21,620	0,10000
1693	402	6,159	19,592	0,10000
1694	400	6,142	21,497	0,10000
1695	401	6,161	18,898	0,10000
1696	403	6,133	21,122	0,10000
1697	402	6,138	17,281	0,10000
1698	400	6,165	19,435	0,10000
1699	402	6,187	18,533	0,10000
1700	406	6,165	18,354	0,10000
1701	401	6,212	17,983	0,10000
1702	403	6,180	20,175	0,10000
1703	402	6,187	20,200	0,10000
1704	401	6,232	19,494	0,10000
1705	404	6,199	20,399	0,10000
1706	402	6,214	21,398	0,10000
1707	402	6,179	19,873	0,10000
1708	401	6,188	20,725	0,10000
1709	400	6,210	19,788	0,10000
1710	402	6,225	19,594	0,10000
1711	401	6,238	21,800	0,10000
1712	402	6,254	18,310	0,10000
1713	403	6,248	19,075	0,10000
1714	402	6,266	21,480	0,10000
1715	400	6,252	19,282	0,10000
1716	401	6,292	19,430	0,10000
1717	401	6,265	21,243	0,10000
1718	404	6,259	18,721	0,10000
1719	401	6,219	19,499	0,10000
1720	402	6,224	18,836	0,10000
1721	401	6,172	18,144	0,10000
1722	402	6,175	19,247	0,10000
1723	400	6,194	17,712	0,10000
1724	402	6,234	18,159	0,10000
1725	404	6,238	17,820	0,10000
1726	402	6,240	17,280	0,10000
1727	400	6,266	18,448	0,10000
1728	401	6,222	19,036	0,10000
1729	401	6,201	18,748	0,10000
1730	403	6,164	19,638	0,10000
1731	403	6,182	19,388	0,10000
1732	404	6,224	18,726	0,10000
1733	400	6,205	16,563	0,10000
1734	402	6,220	20,940	0,10000
1735	400	6,257	19,732	0,10000
1736	402	6,256	19,278	0,10000
1737	402	6,255	21,642	0,10000
1738	403	6,234	22,893	0,10000
1739	403	6,238	22,562	0,10000
1740	402	6,242	21,602	0,10000
1741	403	6,223	20,779	0,10000
1742	400	6,268	17,869	0,10000
1743	400	6,264	18,180	0,10000
1744	403	6,259	21,066	0,10000
1745	403	6,237	17,985	0,10000
1746	401	6,242	19,825	0,10000
1747	401	6,226	19,901	0,10000
1748	401	6,216	20,079	0,10000
1749	404	6,199	19,754	0,10000
1750	401	6,217	20,311	0,10000
1751	400	6,203	18,895	0,10000
1752	401	6,114	17,470	0,10000
1753	402	6,108	20,639	0,10000
1754	401	6,151	19,443	0,10000
1755	402	6,149	20,197	0,10000
1756	400	6,155	18,591	0,10000
1757	401	6,147	19,401	0,10000
1758	402	6,169	20,268	0,10000
1759	401	6,144	19,964	0,10000
1760	400	6,172	19,102	0,10000
1761	401	6,167	20,010	0,10000
1762	403	6,165	18,443	0,10000
1763	405	6,180	18,150	0,10000
1764	401	6,171	19,030	0,10000
1765	401	6,178	18,195	0,10000
1766	401	6,190	17,961	0,10000
1767	402	6,144	18,167	0,10000
1768	401	6,169	18,991	0,10000
1769	401	6,154	18,257	0,10000
1770	402	6,148	20,063	0,10000
1771	403	6,165	18,246	0,10000
1772	402	6,144	20,047	0,10000
1773	400	6,114	19,511	0,10000
1774	401	6,128	17,333	0,10000
1775	400	6,090	17,382	0,10000
1776	400	6,149	20,959	0,10000
1777	402	6,168	21,017	0,10000
1778	401	6,182	19,804	0,10000
1779	407	6,161	17,039	0,10000
1780	401	6,150	17,598	0,10000
1781	400	6,131	18,143	0,10000
1782	401	6,165	17,443	0,10000
1783	401	6,179	18,769	0,10000
1784	403	6,190	18,003	0,10000
1785	405	6,150	17,772	0,10000
1786	403	6,190	18,144	0,10000
1787	403	6,239	21,206	0,10000
1788	402	6,221	19,077	0,10000
1789	402	6,235	18,959	0,10000
1790	400	6,178	21,849	0,10000
1791	401	6,207	22,182	0,10000
1792	400	6,240	20,104	0,10000
1793	401	6,258	21,153	0,10000
1794	401	6,258	21,680	0,10000
1795	405	6,271	21,526	0,10000
1796	401	6,204	17,561	0,10000
1797	401	6,233	20,154	0,10000
1798	404	6,269	20,127	0,10000
1799	401	6,284	19,637	0,10000
1800	400	6,276	19,864	0,10000
1801	402	6,293	21,419	0,10000
1802	402	6,318	19,798	0,10000
1803	401	6,276	20,204	0,10000
1804	403	6,239	20,070	0,10000
1805	401	6,236	19,904	0,10000
1806	401	6,210	18,199	0,10000
1807	400	6,152	18,455	0,10000
1808	401	6,130	18,255	0,10000
1809	402	6,129	16,769	0,10000
1810	401	6,171	19,997	0,10000
1811	401	6,166	19,773	0,10000
1812	400	6,177	20,264	0,10000
1813	402	6,211	21,651	0,10000
1814	401	6,165	20,133	0,10000
1815	401	6,156	20,770	0,10000
1816	402	6,155	21,276	0,10000
1817	406	6,159	19,610	0,10000
1818	400	6,134	19,276	0,10000
1819	402	6,121	17,813	0,10000
1820	401	6,095	16,670	0,10000
1821	402	6,123	18,846	0,10000
1822	401	6,121	16,971	0,10000
1823	402	6,117	18,077	0,10000
1824	401	6,131	17,544	0,10000
1825	401	6,124	18,060	0,10000
1826	403	6,137	18,494	0,10000
1827	402	6,211	19,042	0,10000
1828	401	6,251	20,773	0,10000
1829	401	6,190	20,442	0,10000
1830	400	6,185	21,206	0,10000
1831	401	6,205	19,644	0,10000
1832	400	6,166	19,841	0,10000
1833	402	6,159	18,435	0,10000
1834	402	6,220	19,021	0,10000
1835	402	6,194	17,370	0,10000
1836	402	6,191	18,869	0,10000
1837	400	6,214	20,951	0,10000
1838	402	6,193	17,125	0,10000
1839	401	6,229	18,076	0,10000
1840	401	6,193	18,110	0,10000
1841	400	6,205	20,630	0,10000
1842	403	6,169	18,254	0,10000
1843	401	6,206	19,280	0,10000
1844	401	6,246	21,327	0,10000
1845	402	6,216	20,451	0,10000
1846	401	6,200	21,220	0,10000
1847	403	6,158	19,221	0,10000
1848	403	6,143	18,367	0,10000
1849	402	6,166	19,655	0,10000
1850	401	6,155	20,144	0,10000
1851	402	6,154	20,144	0,10000
1852	401	6,159	21,536	0,10000
1853	400	6,178	20,483	0,10000
1854	402	6,171	17,137	0,10000
1855	402	6,142	16,137	0,10000
1856	404	6,110	17,318	0,10000
1857	403	6,119	18,895	0,10000
1858	402	6,149	17,521	0,10000
1859	400	6,220	17,682	0,10000
1860	403	6,248	18,038	0,10000
1861	407	6,219	18,750	0,10000
1862	401	6,233	17,965	0,10000
1863	403	6,290	18,413	0,10000
1864	400	6,294	19,330	0,10000
1865	402	6,257	20,702	0,10000
1866	401	6,262	18,977	0,10000
1867	403	6,263	18,515	0,10000
1868	401	6,247	18,273	0,10000
1869	401	6,273	17,898	0,10000
1870	403	6,275	18,744	0,10000
1871	404	6,266	19,120	0,10000
1872	402	6,294	21,307	0,10000
1873	402	6,303	21,276	0,10000
1874	403	6,246	19,430	0,10000
1875	401	6,222	18,850	0,10000
1876	402	6,196	20,097	0,10000
1877	401	6,212	20,656	0,10000
1878	402	6,171	20,992	0,10000
1879	406	6,146	20,820	0,10000
1880	404	6,173	20,555	0,10000
1881	400	6,135	17,629	0,10000
1882	402	6,183	19,076	0,10000
1883	403	6,129	18,948	0,10000
1884	401	6,118	17,562	0,10000
1885	401	6,148	19,583	0,10000
1886	401	6,127	18,651	0,10000
1887	403	6,104	18,777	0,10000
1888	401	6,122	17,923	0,10000
1889	402	6,141	21,747	0,10000
1890	403	6,176	22,326	0,10000
1891	402	6,153	20,351	0,10000
1892	402	6,130	19,485	0,10000
1893	405	6,155	21,308	0,10000
1894	401	6,135	20,816	0,10000
1895	401	6,122	21,296	0,10000
1896	403	6,150	18,649	0,10000
1897	401	6,162	20,359	0,10000
1898	401	6,133	20,461	0,10000
1899	401	6,096	20,476	0,10000
1900	404	6,124	20,585	0,10000
1901	404	6,146	18,547	0,10000
1902	402	6,168	18,148	0,10000
1903	403	6,162	18,195	0,10000
1904	403	6,152	20,169	0,10000
1905	401	6,165	20,652	0,10000
1906	402	6,206	19,272	0,10000
1907	403	6,216	19,920	0,10000
1908	402	6,194	20,838	0,10000
1909	401	6,218	21,585	0,10000
1910	401	6,240	21,243	0,10000
1911	400	6,234	20,312	0,10000
1912	401	6,229	20,015	0,10000
1913	401	6,222	18,863	0,10000
1914	401	6,211	21,246	0,10000
1915	401	6,192	19,510	0,10000
1916	403	6,190	18,652	0,10000
1917	402	6,188	19,531	0,10000
1918	400	6,187	19,384	0,10000
1919	404	6,208	20,732	0,10000
1920	400	6,176	21,763	0,10000
1921	401	6,181	21,975	0,10000
1922	400	6,169	18,936	0,10000
1923	401	6,120	18,336	0,10000
1924	401	6,144	20,715	0,10000
1925	404	6,148	20,051	0,10000
1926	401	6,152	19,323	0,10000
1927	403	6,171	19,856	0,10000
1928	401	6,170	18,382	0,10000
1929	400	6,177	16,600	0,10000
1930	400	6,118	16,880	0,10000
1931	402	6,149	16,155	0,10000
1932	402	6,107	17,008	0,10000
1933	401	6,136	20,171	0,10000
1934	401	6,143	20,132	0,10000
1935	403	6,134	18,897	0,10000
1936	402	6,137	20,473	0,10000
1937	402	6,170	21,369	0,10000
1938	401	6,173	19,573	0,10000
1939	403	6,174	16,376	0,10000
1940	403	6,188	19,713	0,10000
1941	402	6,218	18,329	0,10000
1942	401	6,260	18,253	0,10000
1943	403	6,232	18,087	0,10000
1944	404	6,216	17,514	0,10000
1945	401	6,244	18,539	0,10000
1946	401	6,225	18,869	0,10000
1947	402	6,228	19,640	0,10000
1948	400	6,229	17,765	0,10000
1949	400	6,239	20,055	0,10000
1950	402	6,229	19,582	0,10000
1951	401	6,254	22,060	0,10000
1952	400	6,204	17,851	0,10000
1953	400	6,140	17,623	0,10000
1954	403	6,150	18,799	0,10000
1955	402	6,082	17,166	0,10000
1956	402	6,093	17,704	0,10000
1957	401	6,102	16,453	0,10000
1958	402	6,109	17,933	0,10000
1959	401	6,159	19,449	0,10000
1960	402	6,170	19,578	0,10000
1961	401	6,118	18,370	0,10000
1962	400	6,091	18,094	0,10000
1963	402	6,117	17,822	0,10000
1964	401	6,118	18,953	0,10000
1965	401	6,163	17,577	0,10000
1966	401	6,176	20,394	0,10000
1967	404	6,156	20,688	0,10000
1968	403	6,133	20,991	0,10000
1969	400	6,123	18,741	0,10000
1970	401	6,161	17,975	0,10000
1971	404	6,153	16,768	0,10000
1972	402	6,120	19,377	0,10000
1973	400	6,133	17,739	0,10000
1974	403	6,146	18,431	0,10000
1975	402	6,210	18,893	0,10000
1976	400	6,184	18,244	0,10000
1977	400	6,191	22,884	0,10000
1978	400	6,177	18,886	0,10000
1979	401	6,218	18,299	0,10000
1980	403	6,228	22,234	0,10000
1981	404	6,215	19,220	0,10000
1982	403	6,232	22,208	0,10000
1983	401	6,203	20,601	0,10000
1984	400	6,192	18,729	0,10000
1985	403	6,178	18,490	0,10000
1986	402	6,201	18,684	0,10000
1987	403	6,191	19,284	0,10000
1988	401	6,197	18,172	0,10000
1989	403	6,193	18,881	0,10000
1990	404	6,166	18,616	0,10000
1991	402	6,143	18,361	0,10000
1992	403	6,173	19,463	0,10000
1993	402	6,216	19,042	0,10000
1994	400	6,238	20,168	0,10000
1995	405	6,219	20,132	0,10000
1996	403	6,211	23,402	0,10000
1997	402	6,275	21,622	0,10000
1998	402	6,263	23,934	0,10000
1999	401	6,219	20,725	0,10000
2000	400	6,239	21,522	0,10000
